{"epoch": 29, "train_loss": 0.3260918680628141, "train_accuracy": 0.8902666645050049, "train_f1_score": 0.6075699169024247, "train_auc_score": NaN, "test_loss": 0.31226266388595103, "test_accuracy": 0.9355999932289124, "test_f1_score": 0.6769910704515969, "test_auc_score": NaN, "lr": 0.0004239115827521625, "_timestamp": 1681913260.724948, "_runtime": 171.79252982139587, "_step": 29, "_wandb": {"runtime": 170}}