{"loss": 0.2355271577835083, "_timestamp": 1681342128.652728, "_runtime": 53.939014196395874, "_step": 999, "_wandb": {"runtime": 45}}