{"epoch": 39, "train_loss": 0.021772320615127683, "train_accuracy": 0.974649079144001, "train_f1_score": 0.7603479441254417, "train_auc_score": 0.9518940652927977, "test_loss": 0.017664673427740734, "test_accuracy": 0.9807539383570353, "test_f1_score": 0.8085391312545985, "test_auc_score": 0.9713057667901938, "lr": 0.0012851215656510308, "_timestamp": 1682291904.000758, "_runtime": 96.62610483169556, "_step": 39, "_wandb": {"runtime": 95}}