{"epoch": 9, "train_loss": 0.6771781245867411, "train_accuracy": 0.9654444456100464, "train_f1_score": 0.4912088225864637, "train_auc_score": 0.5, "test_loss": 0.6707170605659485, "test_accuracy": 0.9660000205039978, "test_f1_score": 0.491353001017294, "test_auc_score": 0.5, "lr": 0.003486784401000002, "_timestamp": 1681904703.6937542, "_runtime": 37.544894218444824, "_step": 9, "_wandb": {"runtime": 36}}