{"epoch": 20, "train_loss": 0.6843341501553853, "train_accuracy": 0.9661333334445953, "train_f1_score": 0.5746511940246923, "train_auc_score": NaN, "test_loss": 0.6809730100631713, "test_accuracy": 0.9660000014305115, "test_f1_score": 0.5812654579334489, "test_auc_score": NaN, "lr": 0.0010941898913151245, "_timestamp": 1681911360.898274, "_runtime": 113.81812191009521, "_step": 20}