{"loss": 0.10144928842782974, "_timestamp": 1681342699.279685, "_runtime": 187.66930103302002, "_step": 2494}