{"epoch": 9, "train_loss": 0.6674833297729492, "train_accuracy": 0.9660000205039978, "train_f1_score": 0.491353001017294, "train_auc_score": 0.5, "test_loss": 0.6662746667861938, "test_accuracy": 0.9661428332328796, "test_f1_score": 0.49138995858461093, "test_auc_score": 0.5, "lr": 0.003486784401000002, "_timestamp": 1681901669.1893241, "_runtime": 51.41332411766052, "_step": 9, "_wandb": {"runtime": 50}}