{"epoch": 29, "train_loss": 0.024407356744632125, "train_accuracy": 0.972207672894001, "train_f1_score": 0.690538812381164, "train_auc_score": 0.9328576713255128, "test_loss": 0.028225090354681015, "test_accuracy": 0.977976938088735, "test_f1_score": 0.8022055253153706, "test_auc_score": 0.9274939742034821, "lr": 0.0021463876394293723, "_timestamp": 1682101759.570276, "_runtime": 77.36921906471252, "_step": 29, "_wandb": {"runtime": 76}}