{"epoch": 9, "train_loss": 0.6924513721466065, "train_accuracy": 0.9661333386103312, "train_f1_score": 0.5046924213876512, "train_auc_score": NaN, "test_loss": 0.6902467608451843, "test_accuracy": 0.9660000038146973, "test_f1_score": 0.49130644664332684, "test_auc_score": 0.5, "lr": 0.003486784401000002, "_timestamp": 1681910201.929537, "_runtime": 42.382302045822144, "_step": 9, "_wandb": {"runtime": 41}}