{"epoch": 39, "train_loss": 0.012964591383934021, "train_accuracy": 0.9822071418166161, "train_f1_score": 0.8579540005864088, "train_auc_score": 0.9872448416741106, "test_loss": 0.015556271187961102, "test_accuracy": 0.9797572096188863, "test_f1_score": 0.8414843847757565, "test_auc_score": 0.9769678957359192, "lr": 0.0012851215656510308, "_timestamp": 1682294386.272552, "_runtime": 101.58414006233215, "_step": 39, "_wandb": {"runtime": 100}}