{"epoch": 9, "train_loss": 0.6943320035934448, "train_accuracy": 0.9660000205039978, "train_f1_score": 0.491353001017294, "train_auc_score": 0.5, "test_loss": 0.6942017674446106, "test_accuracy": 0.9661428332328796, "test_f1_score": 0.49138995858461093, "test_auc_score": 0.5, "lr": 0.003486784401000002, "_timestamp": 1681902653.7484841, "_runtime": 52.92270112037659, "_step": 9, "_wandb": {"runtime": 52}}