{"epoch": 16, "train_loss": 0.15640822052955627, "train_accuracy": 0.9660000205039978, "train_f1_score": 0.491353001017294, "test_loss": 0.1594482809305191, "test_accuracy": 0.9665499925613403, "test_f1_score": 0.49149513952563506, "lr": 0.0016677181699666583, "_timestamp": 1681900364.4750452, "_runtime": 61.656307220458984, "_step": 16}