{"loss": 0.10147487372159958, "_timestamp": 1681341930.1063712, "_runtime": 67.73939514160156, "_step": 999}