{"epoch": 39, "train_loss": 0.011375372880138457, "train_accuracy": 0.984791211783886, "train_f1_score": 0.8654709736646167, "train_auc_score": 0.9886909740053509, "test_loss": 0.015775337504843872, "test_accuracy": 0.982142448425293, "test_f1_score": 0.842531737892474, "test_auc_score": 0.9644229909883757, "lr": 0.0012851215656510308, "_timestamp": 1682294137.8593624, "_runtime": 104.46663737297058, "_step": 39, "_wandb": {"runtime": 102}}