{"epoch": 39, "train_loss": 0.01364411588292569, "train_accuracy": 0.9839573055505753, "train_f1_score": 0.855941688120021, "train_auc_score": 0.9780805834786241, "test_loss": 0.012981532141566277, "test_accuracy": 0.9852449695269266, "test_f1_score": 0.8704206170954839, "test_auc_score": 0.9802296457275438, "lr": 0.0012851215656510308, "_timestamp": 1682293007.9728239, "_runtime": 101.46478390693665, "_step": 39, "_wandb": {"runtime": 100}}