{"epoch": 29, "train_loss": 0.681959586540858, "train_accuracy": 0.9661333342393239, "train_f1_score": 0.5712963665525552, "train_auc_score": NaN, "test_loss": 0.6788112092018127, "test_accuracy": 0.9660000014305115, "test_f1_score": 0.5912496755663296, "test_auc_score": NaN, "lr": 0.0004239115827521625, "_timestamp": 1681911747.8241, "_runtime": 165.06943011283875, "_step": 29, "_wandb": {"runtime": 164}}