{"epoch": 9, "train_loss": 0.7013218005498251, "train_accuracy": 0.033666666597127914, "train_f1_score": 0.032569669373162094, "train_auc_score": 0.5, "test_loss": 0.7004410624504089, "test_accuracy": 0.03400000184774399, "test_f1_score": 0.03288201160541586, "test_auc_score": 0.5, "lr": 0.003486784401000002, "_timestamp": 1681904507.9622998, "_runtime": 37.01104283332825, "_step": 9, "_wandb": {"runtime": 36}}