{"epoch": 9, "train_loss": 0.6936853677034378, "train_accuracy": 0.03375000040978193, "train_f1_score": 0.0326294758314674, "train_auc_score": 0.5, "test_loss": 0.6937102874120077, "test_accuracy": 0.03333333320915699, "test_f1_score": 0.03225302127792631, "test_auc_score": 0.5, "lr": 0.003486784401000002, "_timestamp": 1681910498.434345, "_runtime": 38.93626594543457, "_step": 9, "_wandb": {"runtime": 38}}