{"epoch": 29, "train_loss": 0.6917184003194173, "train_accuracy": 0.966133337020874, "train_f1_score": 0.4913540578703722, "train_auc_score": 0.5, "test_loss": 0.689216501712799, "test_accuracy": 0.9660000085830689, "test_f1_score": 0.5113012142956613, "test_auc_score": NaN, "lr": 0.0004239115827521625, "_timestamp": 1681910905.4211211, "_runtime": 136.09745001792908, "_step": 29, "_wandb": {"runtime": 134}}