{"epoch": 29, "train_loss": 63369.970052083336, "train_accuracy": 0.9662222067515055, "train_f1_score": 0.49141012432596626, "train_auc_score": 0.5, "test_loss": 48678.3203125, "test_accuracy": 0.9660000205039978, "test_f1_score": 0.491353001017294, "test_auc_score": 0.5, "lr": 0.0004239115827521625, "_timestamp": 1681911183.23508, "_runtime": 88.02788591384888, "_step": 29, "_wandb": {"runtime": 87}}