{"epoch": 9, "train_loss": 0.15123610481106, "train_accuracy": 0.5000419754406501, "train_f1_score": 0.33235558810281407, "train_auc_score": 0.5, "test_loss": 1.751474094390869, "test_accuracy": 0.033999999538064006, "test_f1_score": 0.03273833549434897, "test_auc_score": 0.5, "lr": 0.003486784401000002, "_timestamp": 1681910299.4848058, "_runtime": 65.83904790878296, "_step": 9, "_wandb": {"runtime": 64}}