{"epoch": 9, "train_loss": 0.7051344215869904, "train_accuracy": 0.49742501974105835, "train_f1_score": 0.33217326015233806, "train_auc_score": 0.5, "test_loss": 0.5655350089073181, "test_accuracy": 0.9660000205039978, "test_f1_score": 0.491353001017294, "test_auc_score": 0.5, "lr": 0.003486784401000002, "_timestamp": 1681908581.050544, "_runtime": 58.95466899871826, "_step": 9, "_wandb": {"runtime": 58}}