{"epoch": 39, "train_loss": 0.010439458244945854, "train_accuracy": 0.9870399534702301, "train_f1_score": 0.8913553954642737, "train_auc_score": 0.98927182221848, "test_loss": 0.011811049655079842, "test_accuracy": 0.9844210942586263, "test_f1_score": 0.8782933614823909, "test_auc_score": 0.9859977739326732, "lr": 0.0012851215656510308, "_timestamp": 1682292018.3280327, "_runtime": 97.84391283988953, "_step": 39, "_wandb": {"runtime": 96}}