{"epoch": 39, "train_loss": 0.012369691161438823, "train_accuracy": 0.9832748919725418, "train_f1_score": 0.866480158510939, "train_auc_score": 0.9885653907076046, "test_loss": 0.017364641341070335, "test_accuracy": 0.9807337721188863, "test_f1_score": 0.8523063491740505, "test_auc_score": 0.9707895781456726, "lr": 0.0012851215656510308, "_timestamp": 1682295256.11894, "_runtime": 104.30698919296265, "_step": 39, "_wandb": {"runtime": 103}}