{"epoch": 29, "train_loss": 0.29900161623954774, "train_accuracy": 0.8447398980458577, "train_f1_score": 0.5994330292803353, "train_auc_score": 0.9443047418890955, "test_loss": 0.328322172164917, "test_accuracy": 0.8438433408737183, "test_f1_score": 0.5975985357509991, "test_auc_score": 0.937024940906175, "lr": 0.0004239115827521625, "_timestamp": 1681936320.502628, "_runtime": 104.74406719207764, "_step": 29, "_wandb": {"runtime": 103}}