{"epoch": 9, "train_loss": 0.6903258872032165, "train_accuracy": 0.9661333378156026, "train_f1_score": 0.504678670162482, "train_auc_score": NaN, "test_loss": 0.6927233147621155, "test_accuracy": 0.9660000109672546, "test_f1_score": 0.49132445022426247, "test_auc_score": 0.5, "lr": 0.003486784401000002, "_timestamp": 1681910704.069748, "_runtime": 39.039822816848755, "_step": 9, "_wandb": {"runtime": 37}}