{"epoch": 9, "train_loss": 98742800.0, "train_accuracy": 0.9660000205039978, "train_f1_score": 0.491353001017294, "train_auc_score": 0.5, "test_loss": 24742418.0, "test_accuracy": 0.9661428332328796, "test_f1_score": 0.49138995858461093, "test_auc_score": 0.5, "lr": 0.01743392200500001, "_timestamp": 1681902768.7273269, "_runtime": 50.41046690940857, "_step": 9, "_wandb": {"runtime": 49}}