{"epoch": 9, "train_loss": 0.6903571168581645, "train_accuracy": 0.9661333386103312, "train_f1_score": 0.5113475114985849, "train_auc_score": NaN, "test_loss": 0.6901180100440979, "test_accuracy": 0.9660000038146973, "test_f1_score": 0.5313162363754169, "test_auc_score": NaN, "lr": 0.003486784401000002, "_timestamp": 1681910086.776564, "_runtime": 48.93261694908142, "_step": 9, "_wandb": {"runtime": 48}}