{"epoch": 29, "train_loss": 0.6930541545152664, "train_accuracy": 0.9668749943375587, "train_f1_score": 0.49157552858210096, "train_auc_score": 0.5005165289256198, "test_loss": 0.6934574246406555, "test_accuracy": 0.9636666774749756, "test_f1_score": 0.4907385156759266, "test_auc_score": 0.5, "lr": 0.002119557913760813, "_timestamp": 1681911046.268209, "_runtime": 94.50649499893188, "_step": 29, "_wandb": {"runtime": 93}}