{"epoch": 39, "train_loss": 0.01308706437703222, "train_accuracy": 0.9835499152541161, "train_f1_score": 0.8627524895128811, "train_auc_score": 0.984907387820546, "test_loss": 0.01365942694246769, "test_accuracy": 0.9857231775919596, "test_f1_score": 0.8842288729225275, "test_auc_score": 0.9783416436583758, "lr": 0.0012851215656510308, "_timestamp": 1682291680.5649045, "_runtime": 98.26158547401428, "_step": 39, "_wandb": {"runtime": 97}}