{"epoch": 19, "train_loss": 0.012780557572841644, "train_accuracy": 0.9732523838678996, "train_f1_score": 0.7099759331968111, "train_auc_score": 0.9282184136768884, "test_loss": 0.012462785467505455, "test_accuracy": 0.9755496382713318, "test_f1_score": 0.7307754759239969, "test_auc_score": 0.9307220074689203, "lr": 0.0035848592240854188, "_timestamp": 1682280940.700097, "_runtime": 54.85038900375366, "_step": 19, "_wandb": {"runtime": 53}}