{"epoch": 9, "train_loss": 98559.21354166667, "train_accuracy": 0.9650000135103861, "train_f1_score": 0.4910926151889754, "train_auc_score": 0.5, "test_loss": 106790.9140625, "test_accuracy": 0.9660000205039978, "test_f1_score": 0.491353001017294, "test_auc_score": 0.5, "lr": 0.003486784401000002, "_timestamp": 1681904583.031928, "_runtime": 39.54721999168396, "_step": 9, "_wandb": {"runtime": 38}}