{"epoch": 9, "train_loss": 35663.81805610657, "train_accuracy": 0.9612500078976154, "test_loss": 25186.210046386717, "test_accuracy": 0.9575000017881393, "lr": 0.003486784401000002, "_timestamp": 1681837992.6371148, "_runtime": 63.18435478210449, "_step": 9, "_wandb": {"runtime": 51}}