{"epoch": 39, "train_loss": 0.013360637705773115, "train_accuracy": 0.9829395636916161, "train_f1_score": 0.8635024288738342, "train_auc_score": 0.9808330475321687, "test_loss": 0.01500986609607935, "test_accuracy": 0.9783024589220682, "test_f1_score": 0.8181148010849452, "test_auc_score": 0.9786647929387099, "lr": 0.0012851215656510308, "_timestamp": 1682295000.9763834, "_runtime": 106.49250650405884, "_step": 39, "_wandb": {"runtime": 104}}