{"epoch": 9, "train_loss": 0.15588060971349477, "train_accuracy": 0.9641250059008598, "test_loss": 0.1205377341248095, "test_accuracy": 0.9740000098943711, "lr": 0.01743392200500001, "_timestamp": 1681838827.3202162, "_runtime": 70.27685928344727, "_step": 9, "_wandb": {"runtime": 54}}