{"epoch": 9, "train_loss": 1464137.5, "train_accuracy": 0.5012499950826168, "train_f1_score": 0.26285522480712176, "train_auc_score": 0.5, "test_loss": 2453565.25, "test_accuracy": 0.03400000060598055, "test_f1_score": 0.032879599430811694, "test_auc_score": 0.5, "lr": 0.003486784401000002, "_timestamp": 1681910421.288744, "_runtime": 26.724987983703613, "_step": 9, "_wandb": {"runtime": 26}}