{"epoch": 9, "train_loss": 0.14823843861619632, "train_accuracy": 0.9661333417892456, "train_f1_score": 0.4980169046162763, "train_auc_score": NaN, "test_loss": 0.14858656898140907, "test_accuracy": 0.9660000038146973, "test_f1_score": 0.5113139479519513, "test_auc_score": NaN, "lr": 0.003486784401000002, "_timestamp": 1681909864.1445491, "_runtime": 48.418827056884766, "_step": 9, "_wandb": {"runtime": 47}}