{"epoch": 29, "train_loss": 0.30405955302218596, "train_accuracy": 0.9058666602770488, "train_f1_score": 0.6269355867498283, "train_auc_score": NaN, "test_loss": 0.24793092278391124, "test_accuracy": 0.9663999934196472, "test_f1_score": 0.8205430301975194, "test_auc_score": NaN, "lr": 0.0004239115827521625, "_timestamp": 1681913514.377296, "_runtime": 179.26032400131226, "_step": 29, "_wandb": {"runtime": 178}}