{"epoch": 9, "train_loss": 0.14997685528360308, "train_accuracy": 0.9661250084638595, "test_loss": 0.14998743385076524, "test_accuracy": 0.9660000026226043, "lr": 0.003486784401000002, "_timestamp": 1681838995.3163571, "_runtime": 57.33017921447754, "_step": 9, "_wandb": {"runtime": 56}}