{"epoch": 39, "train_loss": 0.015480140456929803, "train_accuracy": 0.9800407662987709, "train_f1_score": 0.8237501983940496, "train_auc_score": 0.9732269343275861, "test_loss": 0.015509568775693575, "test_accuracy": 0.979431688785553, "test_f1_score": 0.803425771335963, "test_auc_score": 0.9753746167954738, "lr": 0.0012851215656510308, "_timestamp": 1682292773.589492, "_runtime": 99.84817314147949, "_step": 39, "_wandb": {"runtime": 98}}