{"epoch": 9, "train_loss": 0.6426516175270081, "train_accuracy": 0.9660000205039978, "train_f1_score": 0.491353001017294, "train_auc_score": 0.5, "test_loss": 0.6406198143959045, "test_accuracy": 0.9661428332328796, "test_f1_score": 0.49138995858461093, "test_auc_score": 0.5, "lr": 0.003486784401000002, "_timestamp": 1681901602.759418, "_runtime": 53.09812808036804, "_step": 9, "_wandb": {"runtime": 52}}