{"epoch": 9, "train_loss": 118759.83236083985, "train_accuracy": 0.9396250016987324, "test_loss": 33423.386328125, "test_accuracy": 0.9100000023841858, "lr": 0.0003486784401, "_timestamp": 1681838573.684404, "_runtime": 54.202714920043945, "_step": 9, "_wandb": {"runtime": 53}}