{"epoch": 39, "train_loss": 0.01124019012786448, "train_accuracy": 0.9849235787987709, "train_f1_score": 0.8713556872221673, "train_auc_score": 0.9886712380971836, "test_loss": 0.015258891197542349, "test_accuracy": 0.9817305008570353, "test_f1_score": 0.8522767987426488, "test_auc_score": 0.9810323730604497, "lr": 0.0012851215656510308, "_timestamp": 1682294615.522581, "_runtime": 103.48864316940308, "_step": 39, "_wandb": {"runtime": 102}}