{"epoch": 9, "train_loss": 10.408999924594536, "train_accuracy": 0.9647500060498715, "test_loss": 4.888624871242792, "test_accuracy": 0.9680000096559525, "lr": 0.003486784401000002, "_timestamp": 1681838691.758214, "_runtime": 58.6761519908905, "_step": 9, "_wandb": {"runtime": 57}}