{"epoch": 39, "train_loss": 0.01579566509462893, "train_accuracy": 0.9771919697523117, "train_f1_score": 0.7996935440440139, "train_auc_score": 0.9766329596889655, "test_loss": 0.015302637281517187, "test_accuracy": 0.978455126285553, "test_f1_score": 0.8279899714891125, "test_auc_score": 0.9796636396216091, "lr": 0.0012851215656510308, "_timestamp": 1682293412.9168966, "_runtime": 97.12981867790222, "_step": 39, "_wandb": {"runtime": 95}}