{"epoch": 39, "train_loss": 0.020750448806211352, "train_accuracy": 0.9667042121291161, "train_f1_score": 0.49153152406776546, "train_auc_score": 0.9579661750565719, "test_loss": 0.019129046549399693, "test_accuracy": 0.9657396475474039, "test_f1_score": 0.491283019491138, "test_auc_score": 0.9710222769921794, "lr": 0.0012851215656510308, "_timestamp": 1682294501.5409586, "_runtime": 103.20111560821533, "_step": 39, "_wandb": {"runtime": 101}}