{"epoch": 39, "train_loss": 0.014239365234971046, "train_accuracy": 0.979043610394001, "train_f1_score": 0.8262206200237624, "train_auc_score": 0.984414128647634, "test_loss": 0.015119807794690132, "test_accuracy": 0.9783024589220682, "test_f1_score": 0.8204479868776998, "test_auc_score": 0.9809471960548183, "lr": 0.0012851215656510308, "_timestamp": 1682295141.579189, "_runtime": 107.77784395217896, "_step": 39, "_wandb": {"runtime": 106}}