{"epoch": 39, "train_loss": 0.010375663754530251, "train_accuracy": 0.9877517819404602, "train_f1_score": 0.8957862039223914, "train_auc_score": 0.9893141780926935, "test_loss": 0.014507481207450231, "test_accuracy": 0.9846601883570353, "test_f1_score": 0.8553816396411081, "test_auc_score": 0.9779606493752965, "lr": 0.0012851215656510308, "_timestamp": 1682292268.6697726, "_runtime": 101.14701056480408, "_step": 39, "_wandb": {"runtime": 99}}