{"epoch": 18, "train_loss": 0.013677042676135898, "train_accuracy": 0.9812820553779602, "train_f1_score": 0.8416727608266504, "train_auc_score": 0.9856321471022718, "test_loss": 0.01668104777733485, "test_accuracy": 0.9773460626602173, "test_f1_score": 0.8263285055729935, "test_auc_score": 0.9762837580988357, "lr": 0.0037735360253530726, "_timestamp": 1682295436.6627717, "_runtime": 52.15448570251465, "_step": 18}