{"epoch": 19, "train_loss": 0.3315124064683914, "train_accuracy": 0.9659999907016754, "train_f1_score": 0.49134703516304806, "test_loss": 0.3297551359449114, "test_accuracy": 0.9661428587777274, "test_f1_score": 0.49138073900935275, "lr": 0.001215766545905694, "_timestamp": 1681900283.89235, "_runtime": 79.64542198181152, "_step": 19, "_wandb": {"runtime": 78}}