{"epoch": 39, "train_loss": 0.014066187432035804, "train_accuracy": 0.9829910397529602, "train_f1_score": 0.8492973464796643, "train_auc_score": 0.9792294143134057, "test_loss": 0.013684807966152826, "test_accuracy": 0.981644074122111, "test_f1_score": 0.8471495584288592, "test_auc_score": 0.9809094938415397, "lr": 0.0012851215656510308, "_timestamp": 1682293873.1660173, "_runtime": 99.9095664024353, "_step": 39, "_wandb": {"runtime": 98}}