{"epoch": 29, "train_loss": 0.3051339297493299, "train_accuracy": 0.8811999928951263, "train_f1_score": 0.6178609897242185, "train_auc_score": NaN, "test_loss": 0.2701306614279747, "test_accuracy": 0.8787999975681305, "test_f1_score": 0.5931969151090454, "test_auc_score": NaN, "lr": 0.0004239115827521625, "_timestamp": 1681912689.5780952, "_runtime": 97.50530529022217, "_step": 29, "_wandb": {"runtime": 96}}