{"loss": 0.2020576298236847, "_timestamp": 1681341788.581702, "_runtime": 512.8873000144958, "_step": 999}