{"epoch": 49, "train_loss": 0.023043300956487656, "train_accuracy": 0.972207672894001, "train_f1_score": 0.7100243778704411, "train_auc_score": 0.9403213030054408, "test_loss": 0.02620542359848817, "test_accuracy": 0.9749809900919596, "test_f1_score": 0.7940252092379575, "test_auc_score": 0.9462633398380101, "lr": 0.0007694497527671312, "_timestamp": 1682101996.072717, "_runtime": 128.50936198234558, "_step": 49, "_wandb": {"runtime": 127}}