{"epoch": 39, "train_loss": 0.011396511690691113, "train_accuracy": 0.9861442819237709, "train_f1_score": 0.8792506344496265, "train_auc_score": 0.9867117783283894, "test_loss": 0.012709672252337137, "test_accuracy": 0.9848330418268839, "test_f1_score": 0.8835855989223119, "test_auc_score": 0.9850092534830556, "lr": 0.0012851215656510308, "_timestamp": 1682293270.2479646, "_runtime": 100.09758567810059, "_step": 39, "_wandb": {"runtime": 98}}