{"epoch": 39, "train_loss": 0.017767668468877673, "train_accuracy": 0.9805599302053452, "train_f1_score": 0.8162248399279768, "train_auc_score": 0.9662180736250556, "test_loss": 0.019918699748814106, "test_accuracy": 0.9770666162172953, "test_f1_score": 0.771965178148109, "test_auc_score": 0.962251807962779, "lr": 0.0012851215656510308, "_timestamp": 1682295374.8681622, "_runtime": 107.37911605834961, "_step": 39, "_wandb": {"runtime": 105}}