{"epoch": 39, "train_loss": 0.011212997487746179, "train_accuracy": 0.9863987118005753, "train_f1_score": 0.8815497716422982, "train_auc_score": 0.9875201208526325, "test_loss": 0.01388075016438961, "test_accuracy": 0.9854840834935507, "test_f1_score": 0.8946179167486576, "test_auc_score": 0.9783362738067832, "lr": 0.0012851215656510308, "_timestamp": 1682293997.7288342, "_runtime": 103.51408004760742, "_step": 39, "_wandb": {"runtime": 102}}