{"epoch": 49, "train_loss": 0.023426960920915008, "train_accuracy": 0.973184235394001, "train_f1_score": 0.7054241389766196, "train_auc_score": 0.9346321230080703, "test_loss": 0.03545686602592468, "test_accuracy": 0.9709681471188863, "test_f1_score": 0.7498915673383802, "test_auc_score": 0.9398737012441347, "lr": 0.003641696800871168, "_timestamp": 1682102201.9705298, "_runtime": 137.86962485313416, "_step": 49, "_wandb": {"runtime": 137}}