{"epoch": 17, "train_loss": 0.17403775453567505, "train_accuracy": 0.9660000205039978, "train_f1_score": 0.491353001017294, "test_loss": 0.15328101813793182, "test_accuracy": 0.9661428332328796, "test_f1_score": 0.49138995858461093, "lr": 0.0015009463529699924, "_timestamp": 1681900560.126858, "_runtime": 169.4505009651184, "_step": 17}