{"epoch": 39, "train_loss": 0.015619528596289456, "train_accuracy": 0.9805996417999268, "train_f1_score": 0.8324268459436355, "train_auc_score": 0.976165604515345, "test_loss": 0.013950965367257595, "test_accuracy": 0.9841618339220682, "test_f1_score": 0.8678413780910056, "test_auc_score": 0.9775955300406342, "lr": 0.0012851215656510308, "_timestamp": 1682292142.3178287, "_runtime": 102.83217263221741, "_step": 39, "_wandb": {"runtime": 101}}