{"epoch": 39, "train_loss": 0.01442446606233716, "train_accuracy": 0.981007032096386, "train_f1_score": 0.8222255817616078, "train_auc_score": 0.9812888488244618, "test_loss": 0.016225802712142467, "test_accuracy": 0.9800164699554443, "test_f1_score": 0.809369113540695, "test_auc_score": 0.974200699755203, "lr": 0.0012851215656510308, "_timestamp": 1682294275.1179028, "_runtime": 100.55253386497498, "_step": 39, "_wandb": {"runtime": 99}}