{"epoch": 9, "train_loss": 0.5883168280124664, "train_accuracy": 0.4981607347726822, "train_f1_score": 0.3325079120232999, "train_auc_score": 0.5, "test_loss": 0.7010247707366943, "test_accuracy": 0.03400000184774399, "test_f1_score": 0.03288201160541586, "test_auc_score": 0.5, "lr": 0.003486784401000002, "_timestamp": 1681909328.176984, "_runtime": 60.948636054992676, "_step": 9, "_wandb": {"runtime": 60}}