{"epoch": 9, "train_loss": 0.3358456641435623, "train_accuracy": 0.8210999965667725, "train_f1_score": 0.5726338264678197, "train_auc_score": 0.9293294552751779, "test_loss": 0.36743322014808655, "test_accuracy": 0.725600004196167, "test_f1_score": 0.5147273871451143, "test_auc_score": 0.9354232127633663, "lr": 0.003486784401000002, "_timestamp": 1681937157.299901, "_runtime": 45.2073290348053, "_step": 9}