{"epoch": 9, "train_loss": 0.6852782368659973, "train_accuracy": 0.03385714441537857, "train_f1_score": 0.032748376399060385, "train_auc_score": 0.5, "test_loss": 0.6912180185317993, "test_accuracy": 0.03400000184774399, "test_f1_score": 0.03288201160541586, "test_auc_score": 0.5, "lr": 0.17433922005000008, "_timestamp": 1681904198.1461592, "_runtime": 53.01452422142029, "_step": 9, "_wandb": {"runtime": 52}}