{"epoch": 39, "train_loss": 0.011524966452270746, "train_accuracy": 0.9868767037987709, "train_f1_score": 0.8882384375020098, "train_auc_score": 0.9857856359592486, "test_loss": 0.01414657694598039, "test_accuracy": 0.9842684070269266, "test_f1_score": 0.8788293960860809, "test_auc_score": 0.9792175600157257, "lr": 0.0012851215656510308, "_timestamp": 1682293131.4586267, "_runtime": 99.89206886291504, "_step": 39, "_wandb": {"runtime": 98}}