{"epoch": 9, "train_loss": 119984.38429522351, "train_accuracy": 0.9580000050365924, "test_loss": 146575.36943970917, "test_accuracy": 0.9690000116825104, "lr": 0.003486784401000002, "_timestamp": 1681838288.852581, "_runtime": 52.86409902572632, "_step": 9, "_wandb": {"runtime": 52}}