{"epoch": 9, "train_loss": 0.3085208495457967, "train_accuracy": 0.5011013527711232, "train_f1_score": 0.33375753191781077, "train_auc_score": 0.5, "test_loss": 0.8714024027188619, "test_accuracy": 0.03366666783889135, "test_f1_score": 0.032565116528248096, "test_auc_score": 0.5, "lr": 0.003486784401000002, "_timestamp": 1681910364.740167, "_runtime": 49.98802399635315, "_step": 9, "_wandb": {"runtime": 49}}