{"epoch": 39, "train_loss": 0.009827466041315347, "train_accuracy": 0.988393023610115, "train_f1_score": 0.9040881986994009, "train_auc_score": 0.9921160982306628, "test_loss": 0.017437810078263283, "test_accuracy": 0.9799963037172953, "test_f1_score": 0.85847691573861, "test_auc_score": 0.9733963371123715, "lr": 0.0012851215656510308, "_timestamp": 1682294859.18463, "_runtime": 105.09194684028625, "_step": 39, "_wandb": {"runtime": 104}}