{"loss": 1067968.0, "_timestamp": 1681343088.573358, "_runtime": 35.76826310157776, "_step": 999}