{"epoch": 9, "train_loss": 62878924.0, "train_accuracy": 0.9661333560943604, "train_f1_score": 0.49138749491387496, "train_auc_score": 0.5, "test_loss": 42013276.0, "test_accuracy": 0.9660000205039978, "test_f1_score": 0.491353001017294, "test_auc_score": 0.5, "lr": 0.003486784401000002, "_timestamp": 1681909614.0643141, "_runtime": 140.81948018074036, "_step": 9, "_wandb": {"runtime": 140}}