{"epoch": 9, "train_loss": 29222330.0, "train_accuracy": 0.03400000184774399, "train_f1_score": 0.03288201160541586, "train_auc_score": 0.5, "test_loss": 17182528.0, "test_accuracy": 0.9661428332328796, "test_f1_score": 0.49138995858461093, "test_auc_score": 0.5, "lr": 0.003486784401000002, "_timestamp": 1681902444.218892, "_runtime": 51.29546809196472, "_step": 9, "_wandb": {"runtime": 50}}