{"epoch": 9, "train_loss": 0.5798599720001221, "train_accuracy": 0.9661333560943604, "train_f1_score": 0.49138749491387496, "train_auc_score": 0.5, "test_loss": 0.5771793723106384, "test_accuracy": 0.9660000205039978, "test_f1_score": 0.491353001017294, "test_auc_score": 0.5, "lr": 0.003486784401000002, "_timestamp": 1681909393.810698, "_runtime": 39.232999086380005, "_step": 9, "_wandb": {"runtime": 38}}