{"epoch": 39, "train_loss": 0.012939981883391738, "train_accuracy": 0.9842220395803452, "train_f1_score": 0.860741593797633, "train_auc_score": 0.9818870178750722, "test_loss": 0.013821480485300222, "test_accuracy": 0.979930063088735, "test_f1_score": 0.7974195780969326, "test_auc_score": 0.9789691241693704, "lr": 0.0012851215656510308, "_timestamp": 1682292407.2587292, "_runtime": 100.64142513275146, "_step": 39, "_wandb": {"runtime": 99}}