{"epoch": 9, "train_loss": 0.6937097907066345, "train_accuracy": 0.9661111235618591, "train_f1_score": 0.49138174300740434, "train_auc_score": 0.5, "test_loss": 0.694587230682373, "test_accuracy": 0.9660000205039978, "test_f1_score": 0.491353001017294, "test_auc_score": 0.5, "lr": 0.17433922005000008, "_timestamp": 1681904411.329133, "_runtime": 41.51822900772095, "_step": 9, "_wandb": {"runtime": 40}}