{"epoch": 39, "train_loss": 0.014942810637876391, "train_accuracy": 0.9811496883630753, "train_f1_score": 0.8412901657003433, "train_auc_score": 0.9783535926587565, "test_loss": 0.014438668265938759, "test_accuracy": 0.9814712405204773, "test_f1_score": 0.8353321597049431, "test_auc_score": 0.9804884918881279, "lr": 0.0012851215656510308, "_timestamp": 1682292540.147079, "_runtime": 96.37295603752136, "_step": 39, "_wandb": {"runtime": 94}}