{"epoch": 49, "train_loss": 0.02473009703680873, "train_accuracy": 0.971265584230423, "train_f1_score": 0.6945036694985123, "train_auc_score": 0.9305480405763698, "test_loss": 0.072029959410429, "test_accuracy": 0.8755682110786438, "test_f1_score": 0.6244714756592676, "test_auc_score": 0.9321522783617104, "lr": 0.003641696800871168, "_timestamp": 1682102394.3056784, "_runtime": 127.09073734283447, "_step": 49, "_wandb": {"runtime": 126}}