{"epoch": 39, "train_loss": 0.00969170342432335, "train_accuracy": 0.986928179860115, "train_f1_score": 0.8965291794650111, "train_auc_score": 0.992886817243675, "test_loss": 0.017288073276480038, "test_accuracy": 0.981623907883962, "test_f1_score": 0.8485383168636925, "test_auc_score": 0.9787857527388836, "lr": 0.0012851215656510308, "_timestamp": 1682293755.6851647, "_runtime": 99.32094764709473, "_step": 39, "_wandb": {"runtime": 97}}