{"epoch": 9, "train_loss": 16333926.0, "train_accuracy": 0.9660000205039978, "train_f1_score": 0.491353001017294, "train_auc_score": 0.5, "test_loss": 332047.625, "test_accuracy": 0.03385714441537857, "test_f1_score": 0.032748376399060385, "test_auc_score": 0.5, "lr": 0.01743392200500001, "_timestamp": 1681903194.750603, "_runtime": 93.74316906929016, "_step": 9, "_wandb": {"runtime": 92}}