{"epoch": 39, "train_loss": 0.01116329210344702, "train_accuracy": 0.9851780086755753, "train_f1_score": 0.8706728310538847, "train_auc_score": 0.9901132829088839, "test_loss": 0.011735985986888409, "test_accuracy": 0.9864606459935507, "test_f1_score": 0.8972866783839025, "test_auc_score": 0.9847720326118551, "lr": 0.0012851215656510308, "_timestamp": 1682292653.3407855, "_runtime": 101.39945960044861, "_step": 39, "_wandb": {"runtime": 99}}