{"epoch": 9, "train_loss": 0.6935570359230041, "train_accuracy": 0.5004892349243164, "train_f1_score": 0.33351356400135657, "train_auc_score": 0.5, "test_loss": 0.7203313112258911, "test_accuracy": 0.03400000184774399, "test_f1_score": 0.03288201160541586, "test_auc_score": 0.5, "lr": 0.003486784401000002, "_timestamp": 1681908472.3569689, "_runtime": 65.1395308971405, "_step": 9, "_wandb": {"runtime": 64}}