{"epoch": 29, "train_loss": 0.31312580943107604, "train_accuracy": 0.8657333278656005, "train_f1_score": 0.602083399386772, "train_auc_score": NaN, "test_loss": 0.3026325142383575, "test_accuracy": 0.934399995803833, "test_f1_score": 0.695696831818687, "test_auc_score": NaN, "lr": 0.0004239115827521625, "_timestamp": 1681912942.088487, "_runtime": 131.59224700927734, "_step": 29, "_wandb": {"runtime": 116}}