{"epoch": 19, "train_loss": 0.5736454923947653, "train_accuracy": 0.9650000135103861, "train_f1_score": 0.49109300451538657, "train_auc_score": 0.5, "test_loss": 0.5715460181236267, "test_accuracy": 0.9660000205039978, "test_f1_score": 0.491353001017294, "test_auc_score": 0.5, "lr": 0.001215766545905694, "_timestamp": 1681904853.779488, "_runtime": 81.29720497131348, "_step": 19, "_wandb": {"runtime": 80}}