{"epoch": 39, "train_loss": 0.021407982101663947, "train_accuracy": 0.9659409075975418, "train_f1_score": 0.49133666386318553, "train_auc_score": 0.9583266419354287, "test_loss": 0.020317501078049343, "test_accuracy": 0.9649157722791036, "test_f1_score": 0.4910706620731415, "test_auc_score": 0.969814030383081, "lr": 0.0012851215656510308, "_timestamp": 1682293641.3736594, "_runtime": 101.08277630805969, "_step": 39, "_wandb": {"runtime": 99}}