{"loss": 680952.3125, "_timestamp": 1681343175.126705, "_runtime": 35.94300985336304, "_step": 999}