{"epoch": 29, "train_loss": 0.39352910220623016, "train_accuracy": 0.8297999799251556, "train_f1_score": 0.5796371540060214, "train_auc_score": 0.9072017851789295, "test_loss": 0.38086390495300293, "test_accuracy": 0.8180000185966492, "test_f1_score": 0.5722035746857341, "test_auc_score": 0.9132091097308488, "lr": 0.0004239115827521625, "_timestamp": 1681936516.471979, "_runtime": 94.88698101043701, "_step": 29, "_wandb": {"runtime": 94}}