{"epoch": 39, "train_loss": 0.011617605690844357, "train_accuracy": 0.9849647581577301, "train_f1_score": 0.8765241820678245, "train_auc_score": 0.9876410693815753, "test_loss": 0.013075832587977251, "test_accuracy": 0.985331396261851, "test_f1_score": 0.8825814231405311, "test_auc_score": 0.9825029863203047, "lr": 0.0012851215656510308, "_timestamp": 1682291790.010744, "_runtime": 96.56315517425537, "_step": 39, "_wandb": {"runtime": 95}}