{"epoch": 9, "train_loss": 0.7170996069908142, "train_accuracy": 0.03400000184774399, "train_f1_score": 0.03288201160541586, "train_auc_score": 0.5, "test_loss": 0.7140134572982788, "test_accuracy": 0.03385714441537857, "test_f1_score": 0.032748376399060385, "test_auc_score": 0.5, "lr": 0.003486784401000002, "_timestamp": 1681901004.969446, "_runtime": 52.944385051727295, "_step": 9, "_wandb": {"runtime": 52}}