{"epoch": 39, "train_loss": 0.014737590798176825, "train_accuracy": 0.9817806333303452, "train_f1_score": 0.835734160828218, "train_auc_score": 0.9783125808834877, "test_loss": 0.01561327806363503, "test_accuracy": 0.9802555839220682, "test_f1_score": 0.8316272217136702, "test_auc_score": 0.9815090720487154, "lr": 0.0012851215656510308, "_timestamp": 1682294739.3858104, "_runtime": 104.37884426116943, "_step": 39, "_wandb": {"runtime": 102}}