{"epoch": 26, "train_loss": 0.31478991667429607, "train_accuracy": 0.854399996995926, "train_f1_score": 0.5938517686592844, "train_auc_score": NaN, "test_loss": 0.31352177694439887, "test_accuracy": 0.8319999921321869, "test_f1_score": 0.5840612601121988, "test_auc_score": NaN, "lr": 0.0005814973700304011, "_timestamp": 1681912510.902465, "_runtime": 172.26136112213135, "_step": 26}