{"epoch": 9, "train_loss": 0.7904368042945862, "train_accuracy": 0.03400000184774399, "train_f1_score": 0.03288201160541586, "train_auc_score": 0.5, "test_loss": 0.788547933101654, "test_accuracy": 0.03385714441537857, "test_f1_score": 0.032748376399060385, "test_auc_score": 0.5, "lr": 0.17433922005000008, "_timestamp": 1681903375.4171321, "_runtime": 39.03850603103638, "_step": 9, "_wandb": {"runtime": 38}}