{"epoch": 39, "train_loss": 0.012051566503942013, "train_accuracy": 0.985269196331501, "train_f1_score": 0.8839967261856385, "train_auc_score": 0.9881620239873757, "test_loss": 0.012129899890472492, "test_accuracy": 0.9839428861935934, "test_f1_score": 0.8711254873302282, "test_auc_score": 0.9855614633558479, "lr": 0.0012851215656510308, "_timestamp": 1682292887.9867058, "_runtime": 100.51239967346191, "_step": 39, "_wandb": {"runtime": 99}}