{"epoch": 9, "train_loss": 321.79290771484375, "train_accuracy": 0.03400000184774399, "train_f1_score": 0.03288201160541586, "train_auc_score": 0.5, "test_loss": 3148.55322265625, "test_accuracy": 0.03385714441537857, "test_f1_score": 0.032748376399060385, "test_auc_score": 0.5, "lr": 0.17433922005000008, "_timestamp": 1681903296.889729, "_runtime": 40.215373039245605, "_step": 9, "_wandb": {"runtime": 39}}