{"epoch": 9, "train_loss": 2219159.375, "train_accuracy": 0.5003678351640701, "train_f1_score": 0.3334965065504256, "train_auc_score": 0.5, "test_loss": 24653896.0, "test_accuracy": 0.03400000184774399, "test_f1_score": 0.03288201160541586, "test_auc_score": 0.5, "lr": 0.003486784401000002, "_timestamp": 1681909052.887452, "_runtime": 57.40625, "_step": 9, "_wandb": {"runtime": 56}}