{"epoch": 9, "train_loss": 0.6264820496241251, "train_accuracy": 0.9660000205039978, "test_loss": 0.6206261941364833, "test_accuracy": 0.9661428587777274, "lr": 0.003486784401000002, "_timestamp": 1681848420.8096561, "_runtime": 55.043962240219116, "_step": 9, "_wandb": {"runtime": 54}}