{"epoch": 9, "train_loss": 0.26100925703843436, "train_accuracy": 0.9661333401997884, "train_f1_score": 0.4913824234496821, "train_auc_score": 0.5, "test_loss": 0.25580512285232543, "test_accuracy": 0.9659999966621399, "test_f1_score": 0.491329624446033, "test_auc_score": 0.5, "lr": 0.003486784401000002, "_timestamp": 1681909985.049675, "_runtime": 46.30500292778015, "_step": 9, "_wandb": {"runtime": 45}}