{"epoch": 9, "train_loss": 0.6852418439728873, "train_accuracy": 0.03385714255273342, "train_f1_score": 0.03269651338551343, "train_auc_score": 0.5, "test_loss": 0.6829864581425985, "test_accuracy": 0.033999999364217125, "test_f1_score": 0.03286932999044031, "test_auc_score": 0.5, "lr": 0.17433922005000008, "_timestamp": 1681904304.9667242, "_runtime": 40.245779275894165, "_step": 9, "_wandb": {"runtime": 39}}