{"epoch": 19, "train_loss": 0.6939979910850524, "train_accuracy": 0.5003669321537018, "train_f1_score": 0.33347781776241237, "train_auc_score": 0.5, "test_loss": 0.6556827425956726, "test_accuracy": 0.9660000205039978, "test_f1_score": 0.491353001017294, "test_auc_score": 0.5, "lr": 0.001215766545905694, "_timestamp": 1681908218.9108522, "_runtime": 130.10101628303528, "_step": 19, "_wandb": {"runtime": 129}}