{"epoch": 19, "train_loss": 0.012465504215409358, "train_accuracy": 0.9738218466440837, "train_f1_score": 0.7257039129209744, "train_auc_score": 0.9381670370538662, "test_loss": 0.013115065172314644, "test_accuracy": 0.9743259072303772, "test_f1_score": 0.6899723018028344, "test_auc_score": 0.916210958326492, "lr": 0.0035848592240854188, "_timestamp": 1682280865.2167234, "_runtime": 57.982752323150635, "_step": 19, "_wandb": {"runtime": 56}}