{"loss": 7972804.0, "_timestamp": 1681342998.347913, "_runtime": 36.117061138153076, "_step": 999, "_wandb": {"runtime": 83}}