{"epoch": 39, "train_loss": 0.01298421190585941, "train_accuracy": 0.9843941181898117, "train_f1_score": 0.8661292064555357, "train_auc_score": 0.9873659166998333, "test_loss": 0.014145811709264914, "test_accuracy": 0.983358105023702, "test_f1_score": 0.867432241042124, "test_auc_score": 0.9825046854565932, "lr": 0.0012851215656510308, "_timestamp": 1682293525.6876729, "_runtime": 97.95971179008484, "_step": 39, "_wandb": {"runtime": 96}}