{"epoch": 9, "train_loss": 0.1479604217223823, "train_accuracy": 0.9665000066161156, "test_loss": 0.15395808406174183, "test_accuracy": 0.964500007033348, "lr": 0.003486784401000002, "_timestamp": 1681838476.185196, "_runtime": 65.67755603790283, "_step": 9, "_wandb": {"runtime": 65}}