{"epoch": 36, "train_loss": 0.016585527802817523, "train_accuracy": 0.9798878058791161, "train_f1_score": 0.8119052223103731, "train_auc_score": 0.9763768506697538, "test_loss": 0.017196102688709896, "test_accuracy": 0.981883188088735, "test_f1_score": 0.8538939455939544, "test_auc_score": 0.9689331069482975, "lr": 0.001498902540488154, "_timestamp": 1682291558.9550931, "_runtime": 87.48095512390137, "_step": 36}